Case	EGFR
C3N-02764	CNV gain|NONSENSE,E319*
TCGA-05-4402	CNV amplification|FRAMESHIFT,S752Pfs*3
TCGA-69-7765	CNV gain|NONSENSE,Q486*
TCGA-78-7147	CNV amplification|FRAMESHIFT,D1083Efs*11
11LU013	CNV amplification|PROTEINALTERING,E746_S752delinsV
11LU016	CNV amplification|MISSENSE,G719C
C3L-00093	CNV gain|MISSENSE,A871G
C3L-00368	MISSENSE,G719A
C3L-00510	MISSENSE,L62R
C3L-00604	CNV gain|PROTEINDEL,E746_A750del
C3L-00893	PROTEINDEL,E746_A750del
C3L-01330	MISSENSE,L858R
C3L-02219	CNV amplification|MISSENSE,L858M
C3L-02515	CNV gain|MISSENSE,G719C
C3L-02654	CNV amplification|MISSENSE,L858R
C3L-02893	CNV gain|PROTEINDEL,L747_E749del
C3L-03976	CNV amplification|MISSENSE,L858R
C3L-04759	CNV gain|MISSENSE,L858R
C3N-00167	CNV amplification|PROTEINDEL,E746_A750del
C3N-00199	CNV amplification|MISSENSE,L858R
C3N-00203	MISSENSE,K479I
C3N-00223	MISSENSE,L747V
C3N-00546	CNV amplification|MISSENSE,S768I
C3N-00550	CNV amplification|MISSENSE,H358R
C3N-00559	CNV amplification|PROTEINDEL,E746_A750del
C3N-00574	CNV amplification|PROTEINDEL,E746_A750del
C3N-00579	CNV gain|MISSENSE,L858R
C3N-01021	MISSENSE,G719A
C3N-01024	CNV loss|PROTEINDEL,E746_A750del
C3N-01408	CNV amplification|MISSENSE,L858R
C3N-01409	CNV gain|PROTEINALTERING,E746_T751delinsIP
C3N-01413	CNV amplification|PROTEINDEL,E746_A750del
C3N-01416	CNV gain|PROTEINDEL,E746_A750del
C3N-01417	CNV amplification|PROTEINDEL,E746_A750del
C3N-01799	MISSENSE,L858R
C3N-02002	MISSENSE,L858R
C3N-02088	CNV amplification|PROTEINDEL,E746_A750del
C3N-02143	CNV amplification|PROTEINDEL,L747_P753delinsS
C3N-02145	CNV amplification|PROTEINDEL,E746_A750del
C3N-02146	PROTEINDEL,E746_A750del
C3N-02155	CNV amplification|MISSENSE,L858R
C3N-02158	CNV gain|PROTEINDEL,E746_A750del
C3N-02230	CNV gain|PROTEINDEL,E746_A750del
C3N-02379	CNV amplification|MISSENSE,L858R
C3N-02380	PROTEINDEL,E746_A750del
C3N-02421	CNV amplification|PROTEINALTERING,E746_S752delinsV
C3N-02433	CNV gain|MISSENSE,L858R
C3N-02451	MISSENSE,L858R
C3N-02529	CNV amplification|MISSENSE,L858R
C3N-02572	CNV gain|MISSENSE,L858R
C3N-02582	CNV amplification|PROTEINDEL,E746_A750del
C3N-02729	MISSENSE,L858R
C3N-02757	CNV gain|MISSENSE,L858R
C3N-02758	CNV gain|MISSENSE,L858R
C3N-02926	CNV amplification|PROTEINDEL,E746_A750del
C3N-02928	MISSENSE,V834L
C3N-02929	CNV gain|MISSENSE,L858R
C3N-02950	MISSENSE,L858R
C3N-02973	PROTEINALTERING,E746_S752delinsV
C3N-03052	CNV gain|MISSENSE,K757M
C3N-03057	MISSENSE,L858R
C3N-03073	MISSENSE,G719C
C3N-03074	CNV amplification|MISSENSE,L858R
C3N-03210	CNV gain|MISSENSE,L858R
C3N-03212	CNV gain|MISSENSE,L858R
C3N-03222	MISSENSE,T39M
C3N-03225	CNV amplification|PROTEINDEL,L747_E749del
C3N-03420	CNV gain|PROTEINDEL,L747_E749del
C3N-03890	MISSENSE,L858R
C3N-03911	MISSENSE,L858R
C3N-03921	CNV amplification|MISSENSE,A289T
CDDP-ABJI	CNV amplification|PROTEINDEL,E746_A750del
CDDP-ACM9	CNV gain|MISSENSE,N338I
TCGA-05-4382	MISSENSE,E545Q
TCGA-05-4410	CNV amplification|MISSENSE,R377S
TCGA-05-4425	PROTEINALTERING,E746_S752delinsV
TCGA-05-5423	CNV gain|MISSENSE,L861Q
TCGA-17-Z026	MISSENSE,G721V
TCGA-17-Z032	PROTEINDEL,E746_A750del
TCGA-17-Z047	MISSENSE,L858R
TCGA-17-Z048	PROTEININS,D770_N771insGL
TCGA-38-4627	MISSENSE,L62R
TCGA-38-4628	CNV amplification|PROTEINDEL,E746_A750del
TCGA-38-4629	CNV amplification|MISSENSE,G465R
TCGA-38-6178	CNV amplification|PROTEINDEL,E746_A750del
TCGA-44-2661	CNV gain|PROTEINDEL,E746_A750del
TCGA-44-5645	CNV gain|PROTEININS,A767_V769du
TCGA-44-6147	CNV gain|MISSENSE,S768I
TCGA-44-A4SU	CNV amplification|MISSENSE,G719C
TCGA-49-4490	CNV gain|MISSENSE,L858R
TCGA-49-4494	CNV amplification|MISSENSE,T790M
TCGA-49-4501	CNV gain|PROTEINDEL,E746_A750del
TCGA-50-5935	PROTEINDEL,E746_A750del
TCGA-50-6591	CNV amplification|PROTEINDEL,K754_I759del
TCGA-50-6595	CNV amplification|MISSENSE,G719A
TCGA-50-6673	CNV amplification|PROTEININS,H773du
TCGA-55-6980	CNV gain|PROTEINDEL,E709_T710delinsD
TCGA-55-6981	CNV amplification|PROTEINDEL,L747_T751del
TCGA-55-7570	MISSENSE,V300M
TCGA-55-8087	PROTEINALTERING,E746_S752delinsV
TCGA-55-8096	CNV amplification|MISSENSE,L858R
TCGA-55-8206	CNV gain|PROTEINDEL,E746_A750del
TCGA-55-8506	CNV gain|MISSENSE,L858R
TCGA-55-A48Z	CNV amplification|MISSENSE,G719A
TCGA-55-A57B	CNV gain|PROTEINDEL,L747_T751del
TCGA-62-8394	CNV gain|MISSENSE,L858R
TCGA-62-8397	CNV gain|PROTEININS,S768_D770du
TCGA-62-8402	PROTEINDEL,E746_A750del
TCGA-62-A46U	PROTEINDEL,E746_A750del
TCGA-64-1681	CNV gain|MISSENSE,L858R
TCGA-67-3770	MISSENSE,L858R
TCGA-67-6217	CNV gain|MISSENSE,L858R
TCGA-69-7760	CNV amplification|PROTEINDEL,E709_T710delinsD
TCGA-71-6725	CNV amplification|PROTEINALTERING,L747_T751delinsP
TCGA-71-8520	CNV amplification|MISSENSE,L62R
TCGA-75-6207	CNV gain|PROTEINDEL,E746_A750del
TCGA-75-7025	CNV gain|PROTEINDEL,E746_A750del
TCGA-78-7155	CNV amplification|MISSENSE,G901V
TCGA-78-7158	MISSENSE,L907M
TCGA-86-8055	CNV amplification|MISSENSE,L858R
TCGA-86-8074	CNV amplification|PROTEINDEL,E746_A750del
TCGA-86-8075	CNV amplification|MISSENSE,L858R
TCGA-86-8280	CNV amplification|PROTEINDEL,E746_A750del
TCGA-86-8668	CNV amplification|MISSENSE,L858R
TCGA-91-6835	CNV gain|MISSENSE,L858R
TCGA-91-8496	CNV gain|PROTEINALTERING,E746_S752delinsV
TCGA-93-A4JP	CNV gain|MISSENSE,L861Q
TCGA-95-7039	CNV gain|MISSENSE,S921R
TCGA-95-7947	CNV gain|MISSENSE,I91V
TCGA-97-8171	CNV gain|PROTEINDEL,E746_A750del
TCGA-97-8177	CNV gain|MISSENSE,L858R
TCGA-97-8552	CNV amplification|PROTEINDEL,E746_A750del
TCGA-97-A4M1	CNV gain|MISSENSE,L858R
TCGA-97-A4M6	PROTEINDEL,E746_A750del
TCGA-97-A4M7	CNV gain|MISSENSE,L858R
TCGA-J2-8192	CNV amplification|PROTEINDEL,E746_A750del
TCGA-L9-A50W	CNV gain|MISSENSE,T790M
TCGA-MP-A4SW	CNV amplification|MISSENSE,L858R
TCGA-MP-A4T6	CNV amplification|PROTEINDEL,L747_E749del
TCGA-MP-A4T9	MISSENSE,L858R
TCGA-O1-A52J	PROTEINALTERING,L747_P753delinsQ
11LU022	CNV gain
11LU035	CNV amplification
AP-27JZ	CNV amplification
AP-2E8Q	CNV gain
AP-3FY5	CNV amplification
AP-4HAU	CNV gain
AP-4M7L	CNV gain
AP-5L2V	CNV loss
AP-5MX6	CNV amplification
AP-6EWG	CNV gain
AP-8MWD	CNV gain
AP-8PRJ	CNV amplification
AP-94ED	CNV gain
AP-9D3B	CNV amplification
AP-9LNA	CNV gain
AP-9PXS	CNV loss
AP-9UHJ	CNV gain
AP-A5NG	CNV gain
AP-AAFC	CNV gain
AP-AGZG	CNV gain
AP-AJWE	CNV gain
AP-B9CH	CNV gain
AP-CT3G	CNV amplification
AP-D35H	CNV loss
AP-D9X4	CNV amplification
AP-DM87	CNV amplification
AP-DMUM	CNV gain
AP-DN2V	CNV gain
AP-E7CU	CNV amplification
AP-EPNF	CNV gain
AP-F595	CNV loss
AP-HML4	CNV gain
AP-JKPX	CNV amplification
AP-KX5B	CNV gain
AP-KXUT	CNV amplification
AP-MAZ4	CNV gain
AP-RA2G	CNV amplification
AP-RBLG	CNV amplification
AP-RQNH	CNV gain
AP-SS2L	CNV gain
AP-U8MP	CNV gain
AP-UG7J	CNV gain
AP-V6UJ	CNV gain
AP-VLXG	CNV amplification
AP-W455	CNV gain
AP-WPAM	CNV gain
AP-WTXJ	CNV amplification
AP-ZLDH	CNV gain
C3L-00001	CNV amplification
C3L-00009	CNV gain
C3L-00080	CNV amplification
C3L-00144	CNV gain
C3L-00422	CNV gain
C3L-01924	CNV gain
C3L-02348	CNV gain
C3L-02365	CNV amplification
C3L-02616	CNV amplification
C3L-02643	CNV gain
C3L-02661	CNV gain
C3L-02834	CNV gain
C3L-03985	CNV amplification
C3L-04757	CNV amplification
C3N-00175	CNV gain
C3N-00217	CNV loss
C3N-00294	CNV amplification
C3N-00547	CNV gain
C3N-00560	CNV amplification
C3N-00578	CNV amplification
C3N-00580	CNV gain
C3N-00704	CNV loss
C3N-00737	CNV gain
C3N-01405	CNV amplification
C3N-01488	CNV gain
C3N-01823	CNV gain
C3N-02000	CNV amplification
C3N-02067	CNV amplification
C3N-02087	CNV gain
C3N-02089	CNV gain
C3N-02141	CNV gain
C3N-02144	CNV gain
C3N-02149	CNV amplification
C3N-02192	CNV amplification
C3N-02240	CNV gain
C3N-02242	CNV gain
C3N-02281	CNV loss
C3N-02290	CNV gain
C3N-02422	CNV amplification
C3N-02586	CNV amplification
C3N-02588	CNV gain
C3N-02721	CNV gain
C3N-03080	CNV loss
C3N-03205	CNV gain
C3N-03233	CNV gain
C3N-03764	CNV amplification
C3N-03929	CNV amplification
C3N-04176	CNV gain
C3N-04180	CNV gain
CDDP-A8B5	CNV amplification
CDDP-A8B6	CNV gain
CDDP-ABIW	CNV gain
CDDP-ABIX	CNV amplification
CDDP-ABJ3	CNV gain
CDDP-ABJP	CNV amplification
CDDP-ABJZ	CNV gain
CDDP-ABK0	CNV gain
CDDP-ABKI	CNV gain
CDDP-ABL4	CNV gain
CDDP-ABL8	CNV gain
CDDP-ABLE	CNV gain
CDDP-ABLL	CNV amplification
CDDP-ABLQ	CNV gain
CDDP-ABM9	CNV amplification
CDDP-ACQQ	CNV gain
CDDP-ACR8	CNV loss
HCM-BROD-0957-C34	CNV gain
HCM-CSHL-0839-C34	CNV loss
HCM-WCMC-0788-C34	CNV gain
HTMCP-02-01-01256	CNV gain
HTMCP-02-03-01018	CNV amplification
HTMCP-02-06-01037	CNV loss
HTMCP-02-06-01157	CNV amplification
HTMCP-02-06-01158	CNV amplification
HTMCP-02-06-01163	CNV amplification
TCGA-05-4245	CNV gain
TCGA-05-4249	CNV loss
TCGA-05-4250	CNV gain
TCGA-05-4390	CNV amplification
TCGA-05-4395	CNV gain
TCGA-05-4398	CNV amplification
TCGA-05-4405	CNV amplification
TCGA-05-4415	CNV amplification
TCGA-05-4417	CNV gain
TCGA-05-4420	CNV gain
TCGA-05-4427	CNV loss
TCGA-05-4430	CNV gain
TCGA-05-4432	CNV loss
TCGA-05-5425	CNV amplification
TCGA-05-5428	CNV gain
TCGA-35-4122	CNV amplification
TCGA-35-4123	CNV amplification
TCGA-38-4630	CNV loss
TCGA-38-4631	CNV gain
TCGA-38-4632	CNV gain
TCGA-44-2656	CNV amplification
TCGA-44-2659	CNV amplification
TCGA-44-3396	CNV amplification
TCGA-44-3917	CNV amplification
TCGA-44-3918	CNV amplification
TCGA-44-4112	CNV gain
TCGA-44-5643	CNV loss
TCGA-44-5644	CNV amplification
TCGA-44-6144	CNV gain
TCGA-44-6145	CNV loss
TCGA-44-6775	CNV amplification
TCGA-44-6777	CNV gain
TCGA-44-6778	CNV loss
TCGA-44-6779	CNV gain
TCGA-44-7662	CNV amplification
TCGA-44-7667	CNV gain
TCGA-44-8117	CNV amplification
TCGA-44-A479	CNV gain
TCGA-44-A47B	CNV loss
TCGA-44-A47F	CNV gain
TCGA-49-4487	CNV gain
TCGA-49-4488	CNV amplification
TCGA-49-4505	CNV gain
TCGA-49-4506	CNV amplification
TCGA-49-4512	CNV gain
TCGA-49-6743	CNV gain
TCGA-49-6745	CNV amplification
TCGA-49-6761	CNV amplification
TCGA-49-6767	CNV gain
TCGA-49-AAQV	CNV amplification
TCGA-49-AAR0	CNV gain
TCGA-49-AAR4	CNV gain
TCGA-49-AAR9	CNV loss
TCGA-49-AARE	CNV amplification
TCGA-49-AARO	CNV amplification
TCGA-49-AARQ	CNV amplification
TCGA-4B-A93V	CNV amplification
TCGA-50-5045	CNV amplification
TCGA-50-5049	CNV gain
TCGA-50-5051	CNV amplification
TCGA-50-5066	CNV gain
TCGA-50-5931	CNV loss
TCGA-50-5933	CNV amplification
TCGA-50-5939	CNV amplification
TCGA-50-5941	CNV gain
TCGA-50-6590	CNV gain
TCGA-50-6593	CNV amplification
TCGA-50-6594	CNV gain
TCGA-50-6597	CNV amplification
TCGA-53-7624	CNV amplification
TCGA-53-7813	CNV loss
TCGA-55-1592	CNV loss
TCGA-55-1594	CNV amplification
TCGA-55-1595	CNV gain
TCGA-55-5899	CNV amplification
TCGA-55-6543	CNV gain
TCGA-55-6712	CNV gain
TCGA-55-6968	CNV loss
TCGA-55-6969	CNV amplification
TCGA-55-6972	CNV gain
TCGA-55-6978	CNV gain
TCGA-55-6979	CNV amplification
TCGA-55-6982	CNV gain
TCGA-55-6985	CNV gain
TCGA-55-6987	CNV gain
TCGA-55-7281	CNV gain
TCGA-55-7283	CNV gain
TCGA-55-7284	CNV gain
TCGA-55-7576	CNV gain
TCGA-55-7724	CNV gain
TCGA-55-7726	CNV amplification
TCGA-55-7727	CNV gain
TCGA-55-7815	CNV loss
TCGA-55-7910	CNV gain
TCGA-55-7913	CNV amplification
TCGA-55-7994	CNV amplification
TCGA-55-8085	CNV gain
TCGA-55-8089	CNV amplification
TCGA-55-8091	CNV gain
TCGA-55-8092	CNV gain
TCGA-55-8094	CNV gain
TCGA-55-8205	CNV gain
TCGA-55-8301	CNV amplification
TCGA-55-8302	CNV gain
TCGA-55-8510	CNV gain
TCGA-55-8511	CNV gain
TCGA-55-8514	CNV gain
TCGA-55-8615	CNV amplification
TCGA-55-8616	CNV gain
TCGA-55-8620	CNV loss
TCGA-55-A48Y	CNV gain
TCGA-55-A490	CNV gain
TCGA-55-A491	CNV amplification
TCGA-55-A493	CNV amplification
TCGA-55-A494	CNV amplification
TCGA-55-A4DF	CNV gain
TCGA-55-A4DG	CNV gain
TCGA-62-8399	CNV gain
TCGA-62-A46P	CNV gain
TCGA-62-A46R	CNV amplification
TCGA-62-A46Y	CNV gain
TCGA-62-A471	CNV loss
TCGA-62-A472	CNV gain
TCGA-64-1676	CNV gain
TCGA-64-1679	CNV gain
TCGA-64-1680	CNV gain
TCGA-64-5774	CNV gain
TCGA-64-5781	CNV gain
TCGA-67-3771	CNV amplification
TCGA-67-3774	CNV loss
TCGA-69-7973	CNV loss
TCGA-69-7974	CNV gain
TCGA-69-7978	CNV amplification
TCGA-69-8255	CNV gain
TCGA-73-4658	CNV gain
TCGA-73-4659	CNV gain
TCGA-73-4670	CNV amplification
TCGA-73-4675	CNV gain
TCGA-73-4676	CNV amplification
TCGA-73-7499	CNV amplification
TCGA-75-5122	CNV amplification
TCGA-75-5125	CNV amplification
TCGA-75-5146	CNV loss
TCGA-75-6203	CNV gain
TCGA-75-6205	CNV amplification
TCGA-75-6211	CNV amplification
TCGA-75-6214	CNV amplification
TCGA-75-7027	CNV gain
TCGA-78-7143	CNV amplification
TCGA-78-7145	CNV gain
TCGA-78-7146	CNV amplification
TCGA-78-7150	CNV gain
TCGA-78-7154	CNV gain
TCGA-78-7161	CNV gain
TCGA-78-7163	CNV gain
TCGA-78-7220	CNV loss
TCGA-78-7535	CNV amplification
TCGA-78-7536	CNV gain
TCGA-78-7537	CNV gain
TCGA-78-7540	CNV gain
TCGA-78-7542	CNV gain
TCGA-78-8640	CNV amplification
TCGA-78-8655	CNV gain
TCGA-78-8662	CNV amplification
TCGA-80-5611	CNV gain
TCGA-83-5908	CNV gain
TCGA-86-6562	CNV amplification
TCGA-86-7701	CNV amplification
TCGA-86-7711	CNV loss
TCGA-86-7955	CNV amplification
TCGA-86-8279	CNV amplification
TCGA-86-8358	CNV loss
TCGA-86-8359	CNV gain
TCGA-86-8585	CNV amplification
TCGA-86-8673	CNV amplification
TCGA-91-6828	CNV loss
TCGA-91-6829	CNV loss
TCGA-91-6831	CNV amplification
TCGA-91-6847	CNV amplification
TCGA-91-6848	CNV gain
TCGA-91-8499	CNV loss
TCGA-93-7348	CNV gain
TCGA-93-A4JO	CNV gain
TCGA-95-7562	CNV amplification
TCGA-95-7567	CNV loss
TCGA-95-7944	CNV gain
TCGA-95-8494	CNV gain
TCGA-95-A4VN	CNV amplification
TCGA-97-7553	CNV amplification
TCGA-97-7554	CNV amplification
TCGA-97-8174	CNV loss
TCGA-97-8175	CNV gain
TCGA-99-8025	CNV gain
TCGA-99-8033	CNV amplification
TCGA-J2-8194	CNV gain
TCGA-J2-A4AE	CNV amplification
TCGA-L4-A4E5	CNV amplification
TCGA-L9-A443	CNV gain
TCGA-L9-A444	CNV amplification
TCGA-L9-A5IP	CNV amplification
TCGA-L9-A743	CNV gain
TCGA-L9-A7SV	CNV gain
TCGA-L9-A8F4	CNV gain
TCGA-MN-A4N1	CNV amplification
TCGA-MN-A4N4	CNV gain
TCGA-MN-A4N5	CNV amplification
TCGA-MP-A4SV	CNV gain
TCGA-MP-A4T2	CNV gain
TCGA-MP-A4TF	CNV gain
TCGA-MP-A4TK	CNV amplification
TCGA-NJ-A4YF	CNV amplification
TCGA-S2-AA1A	CNV amplification