gene,alteration_group,match_terms,tumor_type,oncogenicity,biological_effect,sensitivity_drugs,resistance_drugs,evidence_level,evidence_direction,evidence_source,source_type,source_note,curation_status
EGFR,EGFR exon 19 deletion,EXON 19 DELETION;DEL19;E746_A750DEL;E746;A750,NSCLC/LUAD,Oncogenic,Activating EGFR sensitizing alteration,Osimertinib;Erlotinib;Gefitinib;Afatinib;Dacomitinib,,LEVEL_1_OR_2_TO_VERIFY,Sensitivity,OncoKB public/manual + open medical sources,Manual public curation,Verify exact alteration in OncoKB website/public sources; exact protein deletion preferred,Needs manual verification
EGFR,EGFR L858R,L858R,NSCLC/LUAD,Oncogenic,Activating EGFR sensitizing mutation,Osimertinib;Erlotinib;Gefitinib;Afatinib;Dacomitinib,,LEVEL_1_OR_2_TO_VERIFY,Sensitivity,OncoKB public/manual + open medical sources,Manual public curation,Verify in OncoKB website/public sources,Needs manual verification
EGFR,EGFR T790M,T790M,NSCLC/LUAD,Resistance alteration,EGFR resistance mutation to earlier generation EGFR TKIs,Osimertinib,Erlotinib;Gefitinib;Afatinib,R1_OR_STANDARD_TO_VERIFY,Resistance/Sensitivity,OncoKB public/manual + open medical sources,Manual public curation,Verify sensitivity/resistance evidence level in OncoKB website/public sources,Needs manual verification
EGFR,EGFR exon 20 insertion,EXON 20;EX20;INSERTION;INS,NSCLC/LUAD,Oncogenic,Activating EGFR exon 20 insertion; reduced sensitivity to classical EGFR TKIs,Amivantamab,Erlotinib;Gefitinib;Afatinib,LEVEL_1_OR_2_TO_VERIFY,Sensitivity/Resistance,OncoKB public/manual + open medical sources,Manual public curation,Exact insertion preferred; verify OncoKB/public evidence,Needs manual verification
EGFR,EGFR G719X,G719;G719X;G719A;G719C;G719S,NSCLC/LUAD,Likely oncogenic / Oncogenic,Uncommon sensitizing EGFR mutation,Afatinib;Osimertinib,,TO_VERIFY,Sensitivity,OncoKB public/manual + open medical sources,Manual public curation,Verify exact G719 subtype,Needs manual verification
EGFR,EGFR S768I,S768I,NSCLC/LUAD,Likely oncogenic / Oncogenic,Uncommon sensitizing EGFR mutation,Afatinib;Osimertinib,,TO_VERIFY,Sensitivity,OncoKB public/manual + open medical sources,Manual public curation,Verify manually,Needs manual verification
EGFR,EGFR L861Q,L861Q,NSCLC/LUAD,Likely oncogenic / Oncogenic,Uncommon sensitizing EGFR mutation,Afatinib;Osimertinib,,TO_VERIFY,Sensitivity,OncoKB public/manual + open medical sources,Manual public curation,Verify manually,Needs manual verification
MET,MET bypass / amplification,MET,NSCLC/LUAD,Resistance mechanism,Bypass signaling associated with resistance to EGFR TKI monotherapy,Amivantamab + Lazertinib,EGFR TKI monotherapy,TO_VERIFY,Resistance/Combination strategy,OncoKB public/manual + open medical sources,Manual public curation,Use only as resistance modifier unless verified therapeutic evidence is documented,Needs manual verification
KRAS,KRAS bypass,KRAS,NSCLC/LUAD,Oncogenic / resistance-associated context,MAPK pathway bypass signal,,EGFR TKI monotherapy,TO_VERIFY,Resistance modifier,OncoKB public/manual + open medical sources,Manual public curation,"Use as resistance modifier, not standalone treatment recommendation",Needs manual verification
PIK3CA,PIK3CA bypass,PIK3CA,NSCLC/LUAD,Oncogenic / resistance-associated context,PI3K/AKT pathway bypass signal,,EGFR TKI monotherapy,TO_VERIFY,Resistance modifier,OncoKB public/manual + open medical sources,Manual public curation,"Use as resistance modifier, not standalone treatment recommendation",Needs manual verification
TP53,TP53 aggressive phenotype,TP53,NSCLC/LUAD,Tumor suppressor alteration,Aggressive/genomic instability modifier,,,PROGNOSTIC_MODIFIER_TO_VERIFY,Risk modifier,OncoKB public/manual + open medical sources,Manual public curation,"Use for simulation risk, not targeted therapy recommendation",Needs manual verification
